{
    "1": {
        "precision": 0.4899497487437186,
        "recall": 0.7330827067669173,
        "f1-score": 0.5873493975903614,
        "support": 266.0
    },
    "2": {
        "precision": 0.47115384615384615,
        "recall": 0.45161290322580644,
        "f1-score": 0.4611764705882353,
        "support": 217.0
    },
    "3": {
        "precision": 0.5701357466063348,
        "recall": 0.4483985765124555,
        "f1-score": 0.50199203187251,
        "support": 281.0
    },
    "4": {
        "precision": 0.5491329479768786,
        "recall": 0.4025423728813559,
        "f1-score": 0.46454767726161367,
        "support": 236.0
    },
    "accuracy": 0.514,
    "macro avg": {
        "precision": 0.5200930723701945,
        "recall": 0.5089091398466338,
        "f1-score": 0.50376639432818,
        "support": 1000.0
    },
    "weighted avg": {
        "precision": 0.5223705383001372,
        "recall": 0.514,
        "f1-score": 0.5070032466665993,
        "support": 1000.0
    }
}