Model,Accuracy,Precision,Recall,F1-Score,ovefitting
Logistic Regression,0.43,0.4271265324311543,0.4289766393027262,0.4269067437130732,0.2898550724637748
Decision Tree,0.335,0.33412004662004663,0.33619894598155464,0.3341313697324205,66.5
Random Forest,0.345,0.3342286554893285,0.3337336576467011,0.3316999746763355,65.5
KNN,0.35,0.33579958264941284,0.33325225499138544,0.33050681816926075,65.0
SVM,0.365,0.366768896657662,0.3614852538765583,0.34044829482948297,1.6835016835016925
