{
    "Accuracy": 0.514,
    "Macro Precision": 0.5200930723701945,
    "Macro Recall": 0.5089091398466338,
    "Macro F1-Score": 0.50376639432818
}