{
    "final_train_loss": 1.3874622583389282,
    "final_val_loss": 1.4406176805496216,
    "final_train_accuracy": 0.4362500011920929,
    "final_val_accuracy": 0.3499999940395355,
    "max_loss_gap": 0.7903969287872314,
    "max_accuracy_gap": 0.14499998092651367,
    "overfitting_loss": -0.05315542221069336,
    "overfitting_accuracy": 0.08625000715255737
}